INSERT INTO `categoria` (`idCategoria`, `nombre`, `descripcion`, `created_at`, `updated_at`) VALUES
(1, 'Placa madre', 'Es la placa principal de cualquier sistema informático al que todos los demás dispositivos se conectan, tanto de manera directa como indirecta', '2020-08-01 05:00:00', '2020-08-01 05:00:00'),
(2, 'Procesador', 'Es la Unidad Central de Procesamiento (CPU), es decir, el cerebro de la computadora que controla todo lo que ejecuta el ordenador y es responsable de realizar los cálculos y la comprensión de datos.', '2020-08-01 05:00:00', '2020-08-01 05:00:00'),
(3, 'Memoria interna RAM', 'Es la memoria que almacena información, de manera temporal y rápida, para que la computadora la utilice en el momento.', '2020-08-01 05:00:00', '2020-08-01 05:00:00'),
(5, 'Tarjeta de video', 'También conocida como “tarjeta gráfica” es un dispositivo de hardware interno que se conecta a la placa madre y permite que la computadora muestre imágenes en el monitor.', '2020-08-01 05:00:00', '2020-08-01 05:00:00'),
(6, 'Tarjeta de sonido', 'Es un dispositivo de hardware interno que se conecta a la placa madre y se clasifica según los canales que utiliza, por ejemplo, estéreo, cuadrafónico (sonido envolvente), MIDI (conector de uso profesional), entre otros.', '2020-08-01 05:00:00', '2020-08-01 05:00:00'),
(7, 'Disco duro', 'Es la memoria que almacena datos de manera permanente (o hasta que el usuario los elimine), como documentos, planillas, imágenes, videos, audios, copias de seguridad de los archivos, entre otros.', '2020-08-01 05:00:00', '2020-08-01 05:00:00'),
(8, 'Teclados', 'Dispositivos periféricos que permiten ingresar texto al sistema, a través de un tablero de botones que asigna determinados valores a cada uno de ellos, conforme a un lenguaje específico Se trata del dispositivo de entrada por excelencia.', '2020-08-01 05:00:00', '2020-08-01 05:00:00'),
(9, 'Punteros o ratones', 'Inventados para ingresar información a sistemas de representación gráfica o visual, traducen los movimientos que el usuario realiza con el dispositivo a instrucciones concretas en el sistema, permitiéndole diversas operaciones, desde pintar, desplazarse en entornos virtuales, etc.', '2020-08-01 05:00:00', '2020-08-01 05:00:00'),
(10, 'Micrófonos', 'Capturan el sonido (ondas sonoras en el aire) y lo traducen a impulsos eléctricos que luego pueden ser codificados y almacenados, o transmitidos y reproducidos para recuperar el mensaje hablado, música, etc.', '2020-08-01 05:00:00', '2020-08-01 05:00:00'),
(11, 'Cámaras', 'De manera similar, capturan la imagen empleando un sistema de lentes y componentes fotosensibles, para almacenar digitalmente la imagen y el movimiento reales y poderlos transmitir o reproducir posteriormente, o de inmediato pero a través de enormes distancias, como en las videoconferencias.', '2020-08-01 05:00:00', '2020-08-01 05:00:00'),
(12, 'Escáneres', 'Se trata de aparatos similares a las fotocopiadoras, capaces de “leer” la imagen dispuesta en su bandeja para transmitir una copia digital de la misma al sistema informático.', '2020-08-01 05:00:00', '2020-08-01 05:00:00'),
(13, 'Joysticks', 'Alimentan a un sistema informático con los comandos que el usuario desea transmitir al videojuego, permitiéndole controlar lo que ocurre o interactuar con el sistema.', '2020-08-01 05:00:00', '2020-08-01 05:00:00'),
(14, 'Monitores', 'El dispositivo de salida estándar, que convierte las señales digitales del sistema en información visual, representada gráficamente, de manera que los usuarios del sistema puedan percibirla.', '2020-08-01 05:00:00', '2020-08-01 05:00:00'),
(15, 'Impresoras', 'Por lo general las impresoras emplean papel y diversos sistemas de inyección de tinta o de láser.', '2020-08-01 05:00:00', '2020-08-01 05:00:00'),
(16, 'Parlantes', 'Los parlantes extraen la información del sistema, pero traduciéndola a señales sonoras que los usuarios pueden escuchar', '2020-08-01 05:00:00', '2020-08-01 05:00:00'),
(17, 'Videobeams y proyectores', 'Se trata de aparatos que reciben información del sistema computarizado y la representan gráficamente, muy parecido a como lo hacen los monitores, pero en lugar de emitir en una pantalla, proyectan esa información como haces de luz, del mismo modo que un proyector de cine o de diapositivas.', '2020-08-01 05:00:00', '2020-08-01 05:00:00'),
(18, 'Copiadoras de CD o DVD.', 'Estos formatos de disco, tanto el Disco Compacto (CD) como el Disco de Video Digital (DVD), permiten trasladar información de un sistema a otro', '2020-08-01 05:00:00', '2020-08-01 05:00:00'),
(19, 'Computadoras de escritorio', 'Su nombre proviene del inglés personal computer (PC), también llamada “de escritorio”. Es de uso común en el hogar o la oficina.', '2020-08-01 05:00:00', '2020-08-01 05:00:00'),
(20, 'Laptops', 'También llamada notebook, es una máquina más pequeña y liviana que la PC, pensada para transportarla de manera sencilla. Es de uso personal o laboral.', '2020-08-01 05:00:00', '2020-08-01 05:00:00');
select * from categoria;

INSERT INTO `tag` (`idTag`, `tag`, `descripcion`, `created_at`, `updated_at`) VALUES
(1, 'Experto', 'Entretenimiento, edicion de video, programas de desarrollo', NULL, '2020-08-03 19:00:27'),
(2, 'Avanzado', 'Especialmente para las personas que esten en el area de ciencia', NULL, '2020-08-03 19:01:01'),
(3, 'Principiante', 'Para personas que solo estan familiarizados con la suit de office', NULL, '2020-08-03 19:01:44'),
(4, 'Elemental', 'Para personas que no tienen idea de para que sirve una computadora', NULL, '2020-08-03 19:01:55');
select * from tag;

INSERT INTO `proveedor` (`idProveedor`, `nombre`, `descripcion`, `estatus`, `updated_at`, `created_at`) VALUES
(1, 'Techmicro', 'es un proveedor de gabinetes, monitores, scaners (entre otros) en Xalapa, México. Te invitamos a ver todos nuestros productos en la sección de \"Productos de nuestro showroom y a contactarnos.', 1, NULL, NULL),
(2, 'ISC HARDWARE', 'TENEMOS A SU DISPOSICIÒN: LIMPIEZA, MANTENIMIENTO, SOFTWARE, REPARACION DE EQUIUPO DE COMPUTO, ENSAMBLES DE COMPUTADORAS', 1, NULL, NULL),
(3, 'AcMax de México, S.A. de C.V.', 'empresa Mexicana que brinda soluciones en servicios de calibración, sistemas de entrenamiento educativo equipo de medición y prueba Electrónica.', 1, NULL, NULL),
(4, 'Agencia de Comercio y Servicios PANAMEX', 'nacionalidad mexicana.  Nuestros orígenes están dados por la conformación de personal de alta calificación, provenientes de diferentes empresas y corporaciones mexicanas', 1, NULL, NULL),
(5, 'ALMALA PC', 'Contamos con mas de 15,000 productos en inventario con las mejores marcas del mercado, los cuales podrás encontrar registrándote en nuestra tienda virtual.', 1, NULL, NULL),
(6, 'Mac Toner Audio y Video SA de CV', 'Distribuimos una gran variedad de productos de más de 150 marcas reconocidas. Proveedores de Equipo de Computo, Impresion, Equipos de Audio y Video', 1, NULL, NULL),
(7, 'Datamicro de México', 'Encuentre computadoras escritorio, netbooks, Laptops, Tablets, impresoras, soluciones en computo, alta tecnología, precisión', 1, NULL, NULL);

select * from proveedor;

INSERT INTO `producto` (`idProducto`, `titulo`, `descripcion`, `marca`, `precioCompra`, `precioVenta`, `cantidad`, `descuentoVenta`, `estatus`, `created_at`, `updated_at`, `idTag`, `idCategoria`, `idProveedor`) VALUES
(1, 'Tarjeta Madre AORUS XL-ATX S-2066 X299X AORUS XTREME WATERFORCE', 'S-2066, Intel X299 Express, max. 256GB DDR4 para Intel', 'AORUS', 35000, 42789, 10, 0, 1, '2020-08-01 05:00:00', '2020-08-01 05:00:00', 1, 1, 1),
(2, 'Asus ROG Strix X570-E Gaming ATX Placa Base con PCIe 4.0', 'S-AM4, AMD X570, HDMI, 128GB DDR4 para AMD', 'ASUS ', 8000, 8839, 10, 0, 1, '2020-08-01 05:00:00', '2020-08-01 05:00:00', 1, 1, 2),
(3, 'Tarjeta Madre ASUS ATX ROG STRIX B365-F GAMING', 'S-1151, Intel B365, HDMI, 64GB DDR4 para Intel', 'ASUS ', 2800, 3559, 10, 0, 1, '2020-08-01 05:00:00', '2020-08-01 05:00:00', 1, 1, 3),
(4, 'Tarjeta Madre ASUS micro ATX PRIME H310M-E', 'S-1151, Intel H310, HDMI, 32GB DDR4 para Intel', 'ASUS ', 1200, 1479, 10, 0, 1, '2020-08-01 05:00:00', '2020-08-01 05:00:00', 1, 1, 4),
(5, 'Tarjeta Madre Gigabyte H310M S2 2.0', 'Compatibles solo con 8va y/o 9va Generación (Revisar modelos aplicables)', 'Gigabyte  ', 1200, 1469, 10, 0, 1, '2020-08-01 05:00:00', '2020-08-01 05:00:00', 1, 1, 5),
(6, 'Procesador Intel Core i9-7980XE Extreme Edition', 'S-2066, 2.60GHz, 18-Core, 24,75 MB Smart Cache (9na Generación - Skylake)', 'Intel   ', 45000, 48649, 10, 0, 1, '2020-08-01 05:00:00', '2020-08-01 05:00:00', 1, 2, 5),
(7, 'Procesador AMD Ryzen Threadripper 3970X', 'S-sTRX4, 3.70GHz, 32-Core, 128 MB L3 Cache - no incluye Disipador', 'AMD Ryzen', 40000, 46979, 10, 0, 1, '2020-08-01 05:00:00', '2020-08-01 05:00:00', 1, 2, 4),
(8, 'Procesador AMD Ryzen 9 3900X', 'S-AM4, 3.80GHz, 12-Core, 64MB L3, con Disipador Wraith Prism RGB', 'AMD Ryzen', 9000, 10699, 10, 0, 1, '2020-08-01 05:00:00', '2020-08-01 05:00:00', 1, 2, 3),
(9, 'Procesador AMD Ryzen 5 3600', 'S-AM4, 3.60GHz, 32MB L3 Cache, con Disipador Wraith Stealth', 'AMD Ryzen', 3700, 4059, 10, 0, 1, '2020-08-01 05:00:00', '2020-08-01 05:00:00', 1, 2, 2),
(10, 'Procesador Intel Xeon E5-2640V2', 'S-2011, 2GHz, 8-Core, 20MB L3 Cache, OEM', 'Intel', 2000, 2469, 10, 0, 1, '2020-08-01 05:00:00', '2020-08-01 05:00:00', 1, 2, 1),
(11, 'Memoria RAM HPE DDR4', '2400MHz, 32GB, Non-ECC, CL17', 'HPE DDR4', 24289, 26289, 10, 0, 1, '2020-08-01 05:00:00', '2020-08-01 05:00:00', 1, 3, 1),
(12, 'Memoria RAM Kingston DDR4', '2666MHz, 32GB, ECC, para HP/Compaq', 'Kingston ', 4939, 5939, 10, 0, 1, '2020-08-01 05:00:00', '2020-08-01 05:00:00', 1, 3, 2),
(13, 'Memoria RAM Dell', 'SNP1R8CRC/16G DDR4, 2133MHz, 16GB, ECC', 'Dell  ', 2049, 3049, 10, 0, 1, '2020-08-01 05:00:00', '2020-08-01 05:00:00', 1, 3, 3),
(14, 'Memoria RAM XPG Hunter', 'DDR4, 2666MHz, 8GB, Non-ECC, CL16, XMP', 'XPG Hunter', 559, 659, 10, 0, 1, '2020-08-01 05:00:00', '2020-08-01 05:00:00', 1, 3, 4),
(15, 'Tarjeta de Video PNY NVIDIA Quadro RTX 4000', '8GB 256-bit GDDR6, PCI Express x16 3.0 - incluye Adaptador 1x DisplayPort - DVI', 'PNY NVIDIA Quadro', 20469, 21469, 10, 0, 1, '2020-08-01 05:00:00', '2020-08-01 05:00:00', 1, 5, 4),
(16, 'Tarjeta de Video Gigabyte NVIDIA GeForce RTX 2060 OC', '6GB 192-bit GDDR6, PCI Express 3.0 x 16', 'Gigabyte NVIDIA GeForce', 7669, 8669, 10, 0, 1, '2020-08-01 05:00:00', '2020-08-01 05:00:00', 1, 5, 5),
(17, 'Tarjeta de Video Gigabyte AMD Radeon R7 370 OC', '2GB 256-bit GDDR5, PCI Express 3.0', 'Gigabyte NVIDIA GeForce', 3129, 4129, 10, 0, 1, '2020-08-01 05:00:00', '2020-08-01 05:00:00', 1, 5, 5),
(18, 'Tarjeta de Video Biostar AMD Radeon HD5550', '1GB 128-bit GDDR2, PCI Express 2.1', 'Biostar AMD Radeon', 909, 1009, 10, 0, 1, '2020-08-01 05:00:00', '2020-08-01 05:00:00', 1, 5, 4),
(19, 'ASUS Tarjeta de Sonido Xonar AE', '7.1 Canales, PCI Express', 'ASUS', 1519, 2519, 10, 0, 1, '2020-08-01 05:00:00', '2020-08-01 05:00:00', 1, 6, 3),
(20, 'Tarjeta de Sonido con Sonido Envolvente', '7.1, 24-bit, PCI Express', 'Envolvente', 1409, 1509, 10, 0, 1, '2020-08-01 05:00:00', '2020-08-01 05:00:00', 1, 6, 2),
(21, 'Tarjeta De Sonido Brobotix', 'Esta tarjeta proporciona una solución de audio de extremadamente alta calidad a un precio increíblemente bajo', 'Brobotix', 769, 869, 10, 0, 1, '2020-08-01 05:00:00', '2020-08-01 05:00:00', 1, 6, 1),
(22, 'Tarjeta De Sonido Pcie 5.1', 'La tarjeta de sonido PCI-e adopta el chip de sonido multicanal CMI8738 5.1 adopta la ranura de bus PCI-Express', 'Brobotix', 295, 395, 10, 0, 1, '2020-08-01 05:00:00', '2020-08-01 05:00:00', 1, 6, 2),
(23, 'Disco Duro Externo', '4tb Portatil Toshiba Canvio Basic 2.5', 'Toshiba ', 1999, 2999, 10, 0, 1, '2020-08-01 05:00:00', '2020-08-01 05:00:00', 1, 7, 3),
(24, 'Disco Duro Interno', 'Toshiba Laptop 2tb L200 Bulk (9.5mm) 2.5', 'Toshiba ', 1099, 2099, 10, 0, 1, '2020-08-01 05:00:00', '2020-08-01 05:00:00', 1, 7, 4),
(25, 'Disco Duro', '1tb Sata Toshiba Hdwd110uzsva 7200rpm Interno /v /vc', 'Toshiba ', 939, 1039, 10, 0, 1, '2020-08-01 05:00:00', '2020-08-01 05:00:00', 1, 7, 5),
(26, 'Teclado Gamer Corsair K70 RGB MK.2 SE', 'CORSAIR · Corsair K70 · Mecánico · Para juegos · QWERTY · Con cable · Windows · Retroiluminado · PC', 'Cherry MX Speed', 2369, 3369, 10, 0, 1, '2020-08-01 05:00:00', '2020-08-01 05:00:00', 1, 8, 1),
(27, 'Teclado Gamer Razer Ornata LED Verde', 'Razer · Ornata · Mecánico · Ergonómico · Para juegos · QWERTY · Español · Con cable · Windows · Retroiluminado', 'Razer Ornata', 1389, 1489, 10, 0, 1, '2020-08-01 05:00:00', '2020-08-01 05:00:00', 1, 8, 2),
(28, 'Teclado Lenovo Preferred Pro II', 'Lenovo · Mecánico · Ergonómico · QWERTY · Windows · Mac · Linux · Sistema operativo Chrome · Retroiluminado · PC', 'Lenovo', 1389, 1489, 10, 0, 1, '2020-08-01 05:00:00', '2020-08-01 05:00:00', 2, 8, 6),
(29, 'Teclado Microsoft 600', 'Microsoft · Español · Con cable · Windows · Mac', 'Microsoft', 166, 266, 10, 0, 1, '2020-08-01 05:00:00', '2020-08-01 05:00:00', 3, 8, 7), 
(30, 'Teclado True Basix TB-924856', 'TECLADO ESTANDAR ALAMBRICO USB/TRUEBASIX/ACTECK/ COLOR NEGRO/TB-924825', 'Acteck', 87, 97, 10, 0, 1, '2020-08-01 05:00:00', '2020-08-01 05:00:00', 3, 8, 1),
(31, 'Mouse Gamer Mad Catz Óptico R.A.T. PRO S3', 'Mad Catz · Para juegos', 'Mad Catz', 7569, 8569, 10, 0, 1, '2020-08-01 05:00:00', '2020-08-01 05:00:00', 1, 9, 7),
(32, 'Mouse Logitech Láser M570 Trackball', 'Logitech · Bola de seguimiento · Inalámbrico · Láser · Programable', 'Logitech ', 579, 679, 10, 0, 1, '2020-08-01 05:00:00', '2020-08-01 05:00:00', 1, 9, 6),
(33, 'Mouse Eagle Warrior Óptico The Flame', 'Luces led efecto rainbow. 4 cambios de DPI hasta3200 FPS. Compatible Mac y PC', 'Eagle Warrior ', 179, 279, 10, 0, 1, '2020-08-01 05:00:00', '2020-08-01 05:00:00', 2, 9, 5),
(34, 'Mouse Techzone Óptico TZMOU01', 'Con diseño en color negro y suave al tacto Techzone Mouse Alámbrico TZMOU01 es ideal para trabajar', 'Techzone', 39, 49, 10, 0, 1, '2020-08-01 05:00:00', '2020-08-01 05:00:00', 3, 9, 4),
(35, 'Blue Yetia - Micrófono USB (edición opaca)', 'Blue Microphones · Yeti · Computadora · Condensador · Con cable · Bidireccional · Omnidireccional · Unidireccional', 'Yeticaster', 3999, 4999, 10, 0, 1, '2020-08-01 05:00:00', '2020-08-01 05:00:00', 1, 10, 7),
(36, 'Redlemon Micrófono Condensador Profesional', 'Crea un estudio profesional desde cualquier lugar. Un micrófono de la mejor calidad, libre de ruidos e interferencias. Además, incluye accesorios como el filtro antipop', 'Redlemon ', 909, 1009, 10, 0, 1, '2020-08-01 05:00:00', '2020-08-01 05:00:00', 1, 10, 6),
(37, 'Micrófono condensador SOONHUA', 'micrófono de grabación USB Plug and Play con soporte de escritorio para ordenador portátil, video de YouTube, grabación, estudio, transmisión de transmisión, Negro', 'SOONHUA ', 909, 1009, 10, 0, 1, '2020-08-01 05:00:00', '2020-08-01 05:00:00', 1, 10, 1),
(38, 'Micrófono Profesional De Mesa Conferencia Ajustable P Podium', 'Microfono de condensador con cuello flexible. Ideal para conferencias, auditorios, iglesias , ruedas de prensa', 'Radox ', 370, 470, 10, 0, 1, '2020-08-01 05:00:00', '2020-08-01 05:00:00', 2, 10, 3),
(39, 'Meeting Owl', 'Cámara de vídeo de 360 Grados con Enfoque de Altavoz automático', 'Owl Labs ', 20359, 21359, 10, 0, 1, '2020-08-01 05:00:00', '2020-08-01 05:00:00', 1, 11, 7),
(40, 'Cámara web con micrófono', 'cámaras web de enfoque manual FUVISION para computadoras,cámara web de alta definición con clip flexible para Zoom Meeting YouTube Skype Face Hangouts,PC Mac Laptop Desktop', 'Fuvision', 1470.19, 1370.19, 10, 0, 1, '2020-08-01 05:00:00', '2020-08-01 05:00:00', 1, 11, 6),
(41, 'BRobotix Webcam 651312', 'Cámara web diseñada y optimizada específicamente para transmisión de video en sitios de juegos sociales y entretenimiento como SKYPE, ZOOM y YouTube', 'BRobotix ', 549, 649, 10, 0, 1, '2020-08-01 05:00:00', '2020-08-01 05:00:00', 2, 11, 5),
(42, 'Módulo de cámara de 1.3 millions de píxeles', 'Módulo de cámara USB, 1280 * 1024, ángulo de campo de 60 grados, con chip HM1355, para equipos industriales, grabadoras de manejo', 'Acogedor ', 99, 119, 10, 0, 1, '2020-08-01 05:00:00', '2020-08-01 05:00:00', 2, 11, 4),
(43, 'Scanner Epson WorkForce ES-400', 'Un escaner de diseño compacto para colocarse en casi cualquier lugar facilmente.', 'Epson', 8449, 10449, 10, 0, 1, '2020-08-01 05:00:00', '2020-08-01 05:00:00', 1, 12, 7),
(44, 'Scanner Brother ADS-2200', 'El escner dplex a color de alta velocidad Brother ADS-2200 es ideal para profesionales independientes con aplicaciones de flujo de trabajo simples que necesitan un escaneo', 'Brother ', 5529, 7529, 10, 0, 1, '2020-08-01 05:00:00', '2020-08-01 05:00:00', 2, 12, 6),
(45, 'Scanner Epson WorkForce ES-50', 'El escáner de documentos móvil más rápido y ligero de una sola hoja en su clase (1), pequeño escáner portátil ideal para escanear fácilmente en movimiento Análisis rápido', 'Epson', 2189, 4189, 10, 0, 1, '2020-08-01 05:00:00', '2020-08-01 05:00:00', 2, 12, 3),
(46, 'Scanner Canon LIDE 300', 'Canon LiDE 300, CanoScan. Tamaño máximo de escaneado: 216 x 297 mm, Resolución óptica de escáner: 2400 x 2400 DPI,', 'Canon', 1179, 1379, 10, 0, 1, '2020-08-01 05:00:00', '2020-08-01 05:00:00', 2, 12, 2),
(47, 'Controlador de joystick de vuelo USB PXN-2113', 'Oem Controlador de joystick de vuelo USB Pxn-2113', 'Oem', 1590, 4590, 10, 0, 1, '2020-08-01 05:00:00', '2020-08-01 05:00:00', 1, 13, 7),
(48, 'Logitech Gamepad F310', 'Logitech · Logitech G · Logitech F310 · PC · Gamepad · Con cable', 'Logitech ', 489, 789, 10, 0, 1, '2020-08-01 05:00:00', '2020-08-01 05:00:00', 1, 13, 6),
(49, 'BRobotix', 'Control para Juegos RumblePad', 'RumblePad ', 70, 272, 10, 0, 1, '2020-08-01 05:00:00', '2020-08-01 05:00:00', 1, 13, 5),
(50, 'Eurocase', 'Gamepad EUGA-10', 'Gamepad ', 20, 88, 10, 0, 1, '2020-08-01 05:00:00', '2020-08-01 05:00:00', 1, 13, 1),
(51, 'HP Monitor LED', 'HP · HP EliteDisplay · 34 pulgadas · Con luz LED de fondo · HDMI · DisplayPort · USB-C · 63 Hz · Curvo', 'HP', 10341, 14341, 10, 0, 1, '2020-08-01 05:00:00', '2020-08-01 05:00:00', 1, 14, 7),
(52, 'Monitor Curvo Yeyian Sigurd LED 31.5', 'Curvo FULL HD 1ms de respuesta y 165Hz de frecuenta máxima Tecnología de pantalla: VA 2 puertos HDMI', 'Yeyian Sigurd', 2489, 5489, 10, 0, 1, '2020-08-01 05:00:00', '2020-08-01 05:00:00', 2, 14, 6),
(53, 'Monitor Qian QM2380F', 'Qian Monitor Qian Qm2380F 23.8\" LED Fullhd Hdmi VGA 5MS Vesa Negro', 'Qian', 1000, 2399, 10, 0, 1, '2020-08-01 05:00:00', '2020-08-01 05:00:00', 3, 14, 4),
(54, 'Monitor Qian QM2128001', 'Full HD, Widescreen, HDMI, Negro', 'Qian', 1000, 1409, 10, 0, 1, '2020-08-01 05:00:00', '2020-08-01 05:00:00', 4, 14, 2),
(55, 'Multifuncional Xerox VersaLink C505/S', 'Xerox · Todo en uno · Láser · Color · Inalámbrico · Con escáner · USB · Compatible con la nube · Negocios', 'Xerox ', 36089, 36089, 10, 0, 1, '2020-08-01 05:00:00', '2020-08-01 05:00:00', 1, 15, 7),
(56, 'Multifuncional HP LaserJet Pro M479dw', 'HP · HP LaserJet · HP LaserJet Pro · Todo en uno · Láser · Color · Inalámbrico · Con escáner · Wi-fi · USB', 'HP', 5849, 8849, 10, 0, 1, '2020-08-01 05:00:00', '2020-08-01 05:00:00', 2, 15, 6),
(57, 'Canon PIXMA G1100', 'Volumen de Impresión Extraordinario y Calidad Auténtica', 'Canon', 1539, 2539, 10, 0, 1, '2020-08-01 05:00:00', '2020-08-01 05:00:00', 1, 15, 5),
(58, 'Multifuncional Canon PIXMA TS3110', 'Canon · PIXMA · PIXMA TS Series · Impresora · Inyección de tinta · Color · Inalámbrico · Con escáner · Wi-fi · Compatible con la nube', 'Canon', 899, 1199, 10, 0, 1, '2020-08-01 05:00:00', '2020-08-01 05:00:00', 2, 15, 3),
(59, 'JBL JBLXTREME2BLUAM Bocina Inalámbrica', 'Potencia el sonido con este parlante JBL, que se convertirá en el mejor aliado en tus momentos de ocio y entretenimiento.', 'JBL', 5999, 8999, 10, 0, 1, '2020-08-01 05:00:00', '2020-08-01 05:00:00', 1, 16, 1),
(60, 'Logitech', 'Logitech · Logitech Z-Series · Logitech Z906 · Audio óptico · RCA · Con sonido envolvente · 5.1 canales · Conjunto', 'Logitech', 2851, 4851, 10, 0, 1, '2020-08-01 05:00:00', '2020-08-01 05:00:00', 2, 16, 2),
(61, 'Logitech - Z625 - Sistema de Audio THX 2.1', 'Sistema de altavoces 2.1 con certificación THX que ofrece audio óptimo para juegos y la experiencia sonora ideal para películas y música.', 'Logitech', 1463, 2463, 10, 0, 1, '2020-08-01 05:00:00', '2020-08-01 05:00:00', 3, 16, 4),
(62, 'Logitech Bocinas con Subwoofer Z337', 'Disfruta de práctico streaming inalámbrico sin preocupaciones de baterías, porque este sistema de altavoces 2.1 está siempre conectado', 'Logitech ', 1000, 1309, 10, 0, 1, '2020-08-01 05:00:00', '2020-08-01 05:00:00', 1, 16, 7),
(63, 'Proyector Casio XJ-A257 DLP', 'Casio · DLP · 1280 x 800 · 2.3 kg · Wi-fi · HDMI · USB · Ethernet · RCA · Cable VGA', 'Casio', 30559, 31559, 10, 0, 1, '2020-08-01 05:00:00', '2020-08-01 05:00:00', 1, 17, 7),
(64, 'Proyector BenQ MX611 DLP', 'Duración de lámpara: 400 h, Potencia de bombilla: 240 W,', 'BenQ', 5889, 10889, 10, 0, 1, '2020-08-01 05:00:00', '2020-08-01 05:00:00', 2, 17, 6),
(65, 'Proyector Viewsonic PA502S DLP', 'Duración de lámpara: 4500 h, Potencia de bombilla: 190 W, Vida de la lámpara (modo economico): 15000 h', 'ViewSonic ', 5359, 8359, 10, 0, 1, '2020-08-01 05:00:00', '2020-08-01 05:00:00', 1, 17, 5),
(66, 'Buffalo BRXL-PT6U2VB', 'Buffalo · Externo · Blu-ray · LightScribe · USB · Grabar en CD · Grabar en DVD · Grabar en Blu-ray', 'Buffalo', 1969, 3969, 10, 0, 1, '2020-08-01 05:00:00', '2020-08-01 05:00:00', 1, 18, 7),
(67, 'Pc computadora Quad Core I5 Intel 240gb Ssd 500gb Ram 8gb Monitor 19.5', 'Procesador Core, Intel Core i5-9400, 2.8GHz - T. Madre Gigabyte GA-H310M-H DDR4-SDRAM, 32 GB, Intel, LGA1151 - 500Gb Disco Duro - 8Gb Ram - 240gb SSD - Teclado/Mouse TRUE', 'Intel', 15990, 16990, 10, 0, 1, '2020-08-01 05:00:00', '2020-08-01 05:00:00', 1, 19, 7),
(68, 'Pc Escritorio Completa Intel 8gb 480gb Ssd Wifi Led20', 'Computadora Escritorio Completa Intel 8Gb 480Gb SSD Wifi Led20 SOLO CONÉCTELA Y A NAVEGAR!!!', 'Intel', 5750, 9750, 10, 0, 1, '2020-08-01 05:00:00', '2020-08-01 05:00:00', 2, 19, 5),
(69, 'Computadora Gamer Xtreme PC Gaming CM-112', 'Computadora de Oficina / Equipo escolar / Equipo de Vídeo Juegos Los potentes gráficos AMD RadeonTM R7 Graphics proporcionan un rendimiento rápido', 'AMD ', 5249, 6249, 10, 0, 1, '2020-08-01 05:00:00', '2020-08-01 05:00:00', 1, 19, 4),
(70, 'Super Remate De Cpu Core I3 Baratas 4gb Ram 320hdd Lcd 17', 'PC one México Equipo Completo Dell OptiPlex 390/790/990 > Especificaciones SFF/DESKTOP', 'DELL', 2300, 4300, 10, 0, 1, '2020-08-01 05:00:00', '2020-08-01 05:00:00', 2, 19, 3),
(71, 'ALL IN ONE LENOVO V130-20IGM', 'La V130 AIO de Lenovo es todo lo que promete - es potente, rapida y segura. Con un procesador y una memoria de vanguardia', 'Lenovo', 5999, 7999, 10, 0, 1, '2020-08-01 05:00:00', '2020-08-01 05:00:00', 3, 19, 2),
(72, 'AIO HP MOD 205 G3', 'Computadora HP 205 G3 AIO Cumpla de forma accesible con las exigencias diarias del trabajo y elimine el desorden indeseado de su escritorio con la Todo-en-Uno HP 205', 'HP', 5999, 7999, 10, 0, 1, '2020-08-01 05:00:00', '2020-08-01 05:00:00', 4, 19, 1),
(73, 'Lenovo IdeaCentre 330', 'AIO LEN 19 A6 4GB 1TB Spin', 'Lenovo', 5999, 8999, 10, 0, 1, '2020-08-01 05:00:00', '2020-08-01 05:00:00', 4, 19, 7),
(74, 'pcWorks Mayoreo', 'Computadora Completa Ciber Intel Celeron J3060 4gb Ram 120gb SSD Monitor 15.6´´ Teclado y Mouse Escolar Oficina', 'PcWorks Mayoreo', 5630, 6630, 10, 0, 1, '2020-08-01 05:00:00', '2020-08-01 05:00:00', 3, 19, 6),
(75, 'Computadora Escritorio Pc Completa Intel 4gb 500gb Wifi 16', 'Computadora Escritorio Pc Completa Intel 4gb 500gb Wifi Dvdrw Led15.6\" SOLO CONÉCTELA Y A NAVEGAR!!! 1.-Gabinete: TRUE BASIX TB-05001, 480 W. 2.-Tarjeta Madre: ECS BSWI-D2-J3060', 'PcWorks Mayoreo', 5299, 7299, 10, 0, 1, '2020-08-01 05:00:00', '2020-08-01 05:00:00', 4, 19, 5),
(76, 'Computadora Pc De Escritorio Dual Core 8gb 1tb 19.5 Wifi', 'Computadora PC CPU Escritorio Básica Dual Core 8 GB RAM 1TB HDD 19.5\" MONITOR WIFI Excelente equipo para tareas de Oficina, Estudiantes', 'Armada', 5990, 6990, 10, 0, 1, '2020-08-01 05:00:00', '2020-08-01 05:00:00', 3, 19, 3),
(78, 'Laptop Gamer MSI GF75', 'MSI · Gaming Series · MSI GF Series', 'MSI', 30669, 34669, 10, 0, 1, '2020-08-01 05:00:00', '2020-08-01 05:00:00', 1, 20, 7),
(79, 'Laptop Gamer Acer Predator Helios 300 PH317-52-728X', 'HP · Predator Helios 300', 'HP', 30749, 33749, 10, 0, 1, '2020-08-01 05:00:00', '2020-08-01 05:00:00', 1, 20, 6),
(80, 'Laptop Gamer ASUS FX505DT-BQ017T', 'AMD Ryzen 7 3750H 2.30GHz, 8GB, 512GB SSD, NVIDIA GeForce GTX 1650, Windows 10 Home, Negro', 'ASUS', 25929, 30929, 10, 0, 1, '2020-08-01 05:00:00', '2020-08-01 05:00:00', 1, 20, 2),
(81, 'Laptop Dell Precision Movil 17 7740', 'Full HD, Intel Core i9-9880HK 2.40GHz, 32GB, 512GB SSD, Radeon Pro WX 7130, Windows 10 Pro, Plata/Negro', 'DELL', 60409, 67409, 10, 0, 1, '2020-08-01 05:00:00', '2020-08-01 05:00:00', 1, 20, 1),
(82, 'MacBook Air - Color oro', 'la Increíblemente Delgada Y Ligera Macbook Air Es Ahora Más Poderosa Que Nunca.', 'Apple ', 20999, 24999, 10, 0, 1, '2020-08-01 05:00:00', '2020-08-01 05:00:00', 2, 20, 7),
(83, 'Laptop HP Pavilion 15-ec0002la', 'Procesador AMD Ryzen 5 3550H Windows 10 Home 8 GB DDR4-2400 de SDRAM (1 x 8 GB)', 'HP', 15619, 18619, 10, 0, 1, '2020-08-01 05:00:00', '2020-08-01 05:00:00', 2, 20, 6),
(84, 'Laptop Lenovo IdeaPad 720S', 'Full HD, AMD Ryzen 5 2500U 2GHz, 4GB, 128GB SSD, Windows 10 Home 64-bit, Plata', 'Lenovo', 10869, 14869, 10, 0, 1, '2020-08-01 05:00:00', '2020-08-01 05:00:00', 2, 20, 5),
(85, 'Laptop Dell Latitude 3400', 'Dell · Dell Latitude · Dell Latitude 3000 Series · Windows · 14 in · Capacidad de disco duro: 1 TB · Unidad de disco duro', 'Dell', 15479, 16479, 10, 0, 1, '2020-08-01 05:00:00', '2020-08-01 05:00:00', 2, 20, 3),
(86, 'Laptop Lenovo Ideapad S145-14AST', 'Si buscas la gran capacidad de procesamiento que ofrece Intel en un portatil de 14”, la IdeaPad S340 es la eleccion perfecta.', 'Lenovo', 5739, 7739, 10, 0, 1, '2020-08-01 05:00:00', '2020-08-01 05:00:00', 3, 20, 7),
(87, 'Laptop Lenovo 14w', 'Presentamos la Lenovo 14w, la portatil elegida por los profesores y administrativos de educacion superior.', 'Lenovo', 5769, 8769, 10, 0, 1, '2020-08-01 05:00:00', '2020-08-01 05:00:00', 4, 20, 6),
(88, 'Laptop HP 240 G7', 'LAPTOP HP 240 G7. PROCESADOR INTEL CELERON N4020, MEMORIA RAM 4GB, DISCO DURO 500 GB, PANTALLA 14. Modelo: HP 240 G7', 'HP', 5259, 7259, 10, 0, 1, '2020-08-01 05:00:00', '2020-08-01 05:00:00', 4, 20, 5),
(89, 'Laptop HP 240 G7', 'PROCESADOR INTEL CELERON N4020, MEMORIA RAM 4GB, DISCO DURO 500 GB, PANTALLA 14. Modelo: HP 240 G7. Clave alterna: 1D0F5LT. Marca: HEWLETT-PACKARD', 'HP', 5619, 7619, 10, 0, 1, '2020-08-01 05:00:00', '2020-08-01 05:00:00', 3, 20, 4),
(90, 'Laptop Hp 15 da1096', 'Intel Pentium Gold 8GB RAM 1TB DD', 'HP', 5999, 9999, 10, 0, 1, '2020-08-01 05:00:00', '2020-08-01 05:00:00', 2, 20, 3),
(91, 'Laptop ASUS A540BA', 'AMD A9-9425 3.10GHz, 8GB, 1TB, Windows 10 Home 64-bit, Negro', 'ASUS', 5889, 9889, 10, 0, 1, '2020-08-01 05:00:00', '2020-08-01 05:00:00', 4, 20, 7),
(92, 'Laptop Asus A540MA-GQ936T', 'HD, Intel Celeron N4000 1.10GHz, 4GB, 500GB, Windows 10 Home 64-bit, Negro/Plata', 'ASUS', 5889, 7889, 10, 0, 1, '2020-08-01 05:00:00', '2020-08-01 05:00:00', 3, 20, 6),
(93, 'Laptop Ghia Libero SL', 'Full HD, Intel Pentium N4200 1.10GHz, 4GB, 32GB, Windows 10 Home 64-bit, Plata', 'Ghia', 1519, 5519, 10, 0, 1, '2020-08-01 05:00:00', '2020-08-01 05:00:00', 4, 20, 7),
(94, 'Laptop Ghia Libero SL', 'Intel Pentium N4200 1.10GHz, 4GB, 32GB, Windows 10 Home 64-bit, Plata - Incluye Disco Duro Externo de 500GB', 'Ghia', 5000, 6419, 10, 0, 1, '2020-08-01 05:00:00', '2020-08-01 05:00:00', 3, 20, 6),
(95, 'Laptop Hyundai Onnyx II ', 'Full HD, Intel Pentium N4200 1.10GHz, 4GB, 500GB, Windows 10 Home 64-bit, Negro', 'Hyundai', 5000, 6639, 10, 0, 1, '2020-08-01 05:00:00', '2020-08-01 05:00:00', 4, 20, 5),
(96, 'Laptop Hyundai Thinnote', 'Full HD, Intel Pentium N4200 1.10GHz, 4GB, 32GB, Windows 10 Home 64-bit, Plata', 'Hyundai', 5709, 6709, 10, 0, 1, '2020-08-01 05:00:00', '2020-08-01 05:00:00', 2, 20, 3),
(97, 'Laptop Lanix Neuron A V15', 'Cubra sus necesidades diarias en informática La portátil Neuron A ha sido desarrollada como un dispositivo móvil con tecnología de punta y un diseño atractivo.', 'Lanix', 5299, 6299, 10, 0, 1, '2020-08-01 05:00:00', '2020-08-01 05:00:00', 4, 20, 7),
(98, 'Laptop Hyundai Onnyx II', 'Full HD, Intel Pentium N4200 1.10GHz, 4GB, 500GB, Windows 10 Home 64-bit, Negro', 'Hyundai', 5299, 6299, 10, 0, 1, '2020-08-01 05:00:00', '2020-08-01 05:00:00', 3, 20, 6),
(99, 'Laptop Hyundai Thinnote ', 'Full HD, Intel Pentium N4200 1.10GHz, 4GB, 32GB, Windows 10 Home 64-bit, Plata', 'Hyundai', 5709, 6709, 10, 0, 1, '2020-08-01 05:00:00', '2020-08-01 05:00:00', 2, 20, 6),
(100, 'Laptop Samsung Chromebook', 'Capacidad de disco duro: 32 GB · Unidad de estado sólido · Velocidad del procesador: 1.1 GHz · CPU Intel · Duración de batería: 11 horas', 'Samsung', 10990, 12990, 10, 0, 1, '2020-08-01 05:00:00', '2020-08-01 05:00:00', 1, 20, 7);
select * from producto;

INSERT INTO `atributoproducto` (`idAtributoProducto`, `titulo`, `descripcion`, `idProducto`) VALUES
(1, 'Procesador', 'Intel', 1),
(2, 'Socket de procesador', 'LGA 2066', 1),
(3, 'Circuito integrado', 'Intel X299 Express', 1),
(4, 'Memoria interna, máxima', '256 GB', 1),
(5, 'Tipo de memoria', 'DDR4-SDRAM', 1),
(6, 'Procesador', 'AMD', 2),
(7, 'Socket de procesador', 'Socket AM4', 2),
(8, 'Circuito integrado', 'AMD X570', 2),
(9, 'Memoria interna, máxima', '128 GB', 2),
(10, 'Tipo de memoria', 'DDR4-SDRAM', 2),
(11, 'Procesador', 'Intel', 3),
(12, 'Socket de procesador', 'LGA1151', 3),
(13, 'Circuito integrado', 'Intel B365', 3),
(14, 'Memoria interna, máxima', '64 GB', 3),
(15, 'Tipo de memoria', 'DDR4-SDRAM', 3),
(16, 'Procesador', 'Intel', 4),
(17, 'Socket de procesador', 'LGA1151', 4),
(18, 'Circuito integrado', 'Intel H310', 4),
(19, 'Memoria interna, máxima', '32 GB', 4),
(20, 'Tipo de memoria', 'DDR4-SDRAM', 4),
(21, 'Procesador', 'Intel', 5),
(22, 'Socket de procesador', 'LGA1151', 5),
(23, 'Circuito integrado', 'Intel H310', 5),
(24, 'Memoria interna, máxima', '32 GB', 5),
(25, 'Tipo de memoria', 'DDR4-SDRAM', 5),
(26, 'Procesador', 'Intel® Core™ i9-7xxx', 6),
(27, 'Socket de procesador', 'LGA 2066', 6),
(28, 'Número de núcleos', '18', 6),
(29, 'Procesador', 'AMD Ryzen Threadripper', 7),
(30, 'Socket de procesador', 'Socket TRX4', 7),
(31, 'Número de núcleos', '32', 7),
(32, 'Procesador', 'AMD Ryzen 9', 8),
(33, 'Socket de procesador', 'Socket AM4', 8),
(34, 'Número de núcleos', '12', 8),
(35, 'Procesador', 'AMD Ryzen 5', 9),
(36, 'Socket de procesador', 'Socket AM4', 9),
(37, 'Número de núcleos', '6', 9),
(38, 'Procesador', 'Familia Intel® Xeon® E5', 10),
(39, 'Socket de procesador', 'LGA2011', 10),
(40, 'Número de núcleos', '8', 10),
(41, 'Memoria interna', 'DDR4', 11),
(42, 'Diseño de memoria', '1 x 32 GB', 11),
(43, 'Memoria del reloj', '82400 MHz', 11),
(44, 'Factor de Forma', '288-pin DIMM', 11),
(45, 'Memoria interna', 'DDR4', 12),
(46, 'Diseño de memoria', '1 x 32 GB', 12),
(47, 'Memoria del reloj', '2666 MHz', 12),
(48, 'Factor de Forma', '288-pin DIMM', 12),
(49, 'Memoria interna', 'DDR4', 13),
(50, 'Diseño de memoria', '1 x 16 GB', 13),
(51, 'Memoria del reloj', '2133 MHz', 13),
(52, 'Factor de Forma', '288-pin DIMM', 13),
(53, 'Memoria interna', 'DDR4', 14),
(54, 'Diseño de memoria', '1 x 8 GB', 14),
(55, 'Memoria del reloj', '2666 MHz', 14),
(56, 'Latencia CAS', '16', 14),
(57, 'Núcleos CUDA', '2048', 15),
(58, 'Puertos DVI-I', '0', 15),
(59, 'DisplayPorts', '3', 15),
(60, 'Núcleos CUDA', '1920', 16),
(61, 'Puertos DVI-I', '0', 16),
(62, 'DisplayPorts', '3', 16),
(63, 'Puertos HDMI', '1', 17),
(64, 'Puertos DVI-I', '1', 17),
(65, 'DisplayPorts', '1', 17),
(66, 'Puertos HDMI', '1', 18),
(67, 'Puertos DVI-I', '1', 18),
(68, 'DisplayPorts', '0', 18),
(69, 'Canales de salida de audio', '7.1', 19),
(70, 'Interfaz de host', 'PCI-E', 19),
(71, 'Calidad de audio', '32 bit', 19),
(72, 'Canales de salida de audio', '7.1', 20),
(73, 'Interfaz de host', 'PCI-E x1', 21),
(74, 'Calidad de audio', '24 bit', 21),
(75, 'Canales de salida de audio', '7.1', 22),
(76, 'Interfaz de host', 'PCI-E x1', 22),
(77, 'Calidad de audio', '23 bit', 22),
(78, 'Capacidad', '4 TB', 23),
(79, 'almacenamiento', 'HDD', 23),
(80, 'Sistemas de archivos soportados', 'Windows,Mac', 23),
(81, 'Capacidad', '2 TB', 24),
(82, 'almacenamiento', 'HDD', 24),
(83, 'Sistemas de archivos soportados', 'Windows,Mac', 24),
(84, 'Capacidad', '1 TB', 25),
(85, 'Tipo de disco', 'Externo de escritorio', 25),
(86, 'almacenamiento', 'HDD', 25),
(87, 'Sistemas de archivos soportados', 'Windows,Mac', 25),
(88, 'Interfaz', 'USB', 26),
(89, 'Conectividad', 'Alámbrico', 26),
(90, 'Formato del teclado', 'Estándar', 26),
(91, 'Diseño de teclado', 'QWERTY', 26),
(92, 'Retroiluminación', 'Si', 26),
(93, 'Interfaz', 'USB', 27),
(94, 'Conectividad', 'Alámbrico', 27),
(95, 'Formato del teclado', 'Estándar', 27),
(96, 'Retroiluminación', 'Si', 27),
(97, 'Interfaz', 'USB', 28),
(98, 'Conectividad', 'Alámbrico', 28),
(99, 'Formato del teclado', 'Estándar', 28),
(100, 'Diseño de teclado', 'QWERTY', 28),
(101, 'Retroiluminación', 'No', 28),
(102, 'Interfaz', 'USB', 29),
(103, 'Conectividad', 'Alámbrico', 29),
(104, 'Interfaz', 'USB', 30),
(105, 'Conectividad', 'Alámbrico', 30),
(106, 'Retroiluminación', 'No', 30),
(107, 'Tecnología', 'Óptico', 31),
(108, 'Resolución de movimiento', '7200 DPI', 31),
(109, 'Longitud de cable', '1,8 m', 31),
(110, 'Color del producto', 'Negro', 31),
(111, 'Tecnología', 'Laser', 32),
(112, 'Cantidad de botones', '5', 32),
(113, 'Color del producto', 'Negro', 32),
(114, 'Tecnología', 'Óptico', 33),
(115, 'Cantidad de botones', '6', 33),
(116, 'Resolución de movimiento', '3200 DPI', 33),
(117, 'conectividad', 'Alámbrico', 33),
(118, 'Color del producto', 'Negro', 33),
(119, 'Tecnología', 'Óptico', 34),
(120, 'Longitud de cable', '1,3 m', 34),
(121, 'Resolución de movimiento', '800 DPI', 34),
(122, 'Color del producto', 'Negro', 34),
(123, 'Dimensiones', '8.6 x 99.3 x 29 cm ; 2.22 Kg', 35),
(124, 'Frecuencia', '20 - 20000 Hz', 36),
(125, 'Conectividad', 'Alámbrico', 36),
(126, 'Color del producto', 'Negro', 36),
(127, 'Frecuencia', '20 - 20000 Hz', 37),
(128, 'Conectividad', 'Alámbrico', 37),
(129, 'Color del producto', 'Negro', 37),
(130, 'Frecuencia', '20 - 20000 Hz', 38),
(131, 'Conectividad', 'Alámbrico', 38),
(132, 'Color del producto', 'Negro', 38),
(133, 'Resolución de video', '1280 x 720', 39),
(134, 'Micrófono incorporado', 'Enfoque de Altavoz automático', 39),
(135, 'Conexiones', 'Wi-Fi, USB', 39),
(136, 'Resolución de video', '1080p, 720p, 480p', 40),
(137, 'Lens', 'Gran angular', 40),
(138, 'Conexiones', 'Por cable, Inalámbrica', 40),
(139, 'Megapixeles', '2 MP', 41),
(140, 'Resolución de video', '1920 x 1080 Pixeles', 41),
(141, 'Interfaz', 'USB 2.0', 41),
(142, 'Micrófono incorporado', 'Si', 41),
(143, 'Conexiones', 'USB', 42),
(144, 'Resolución óptica', '600 x 600 DPI', 43),
(145, 'Velocidad de escaneo', '35 ppm', 43),
(146, 'Escaneado dúplex', 'Si', 43),
(147, 'Escaner a color', 'Si', 43),
(148, 'Resolución óptica', '600 x 600 DPI', 44),
(149, 'Interfaz', 'USB 2.0', 44),
(150, 'Tamaño máximo', '215,9 x 355,6 mm', 44),
(151, 'Velocidad de escaneo', '35 ppm', 44),
(152, 'Escaneado dúplex', 'Si', 44),
(153, 'Escaner a color', 'Si', 44),
(154, 'Resolución óptica', '600 x 600 DPI', 45),
(155, 'Velocidad de escaneo (b/n, A4)', '10 ppm', 45),
(156, 'Escaneado dúplex', 'No', 45),
(157, 'Escaner a color', 'Si', 45),
(158, 'Resolución óptica', '2400 x 2400 DPI', 46),
(159, 'Interfaz', 'USB 2.0', 46),
(160, 'Tamaño máximo', '216 x 297 mm', 46),
(161, 'Escaner a color', 'Si', 46),
(162, 'Interfaz', 'RF', 47),
(163, 'Conectividad', 'Alámbrico', 47),
(164, 'Color', 'Negro', 47),
(165, 'Conectividad', 'Alámbrico', 48),
(166, 'Interfaz', 'USB', 49),
(167, 'Conectividad', 'Alámbrico', 49),
(168, 'Color', 'Negro, Blanco', 49),
(169, 'Interfaz', 'USB', 50),
(170, 'Conectividad', 'Alámbrico', 50),
(171, 'Color', 'Negro, Blanco', 50),
(172, 'Resolución', '4K UHD 2160p', 51),
(173, 'Tiempo de respuesta', '16 Milisegundos', 51),
(174, 'Color', 'Negro', 51),
(175, 'Velocidad de actualización', '60 Hz', 51),
(176, 'Puertos USB', '9', 51),
(177, 'Diagonal de la pantalla', '31.5pulg', 52),
(178, 'Tipo HD', 'Full HD', 52),
(179, 'Resolución', '1920 x 1080 Pixeles', 52),
(180, 'Tiempo de respuesta', '1 ms', 52),
(181, 'Velocidad de actualización', '165 Hz', 52),
(182, 'Puertos HDMI', '3', 52),
(183, 'Color', 'Negro, Rojo', 52),
(184, 'Diagonal de la pantalla', '23.8pulg', 53),
(185, 'Tipo HD', 'Full HD', 53),
(186, 'Resolución', '1920 x 1080 Pixeles', 53),
(187, 'Tiempo de respuesta', '5 ms', 53),
(188, 'Velocidad de actualización', '75 Hz', 53),
(189, 'Puertos HDMI', '1', 53),
(190, 'Color', 'Negro', 53),
(191, 'Diagonal de la pantalla', '21.5pulg', 54),
(192, 'Tipo HD', 'Full HD', 54),
(193, 'Resolución', '1920 x 1080 Pixeles', 54),
(194, 'Tiempo de respuesta', '5 ms', 54),
(195, 'Velocidad de actualización', '60 Hz', 54),
(196, 'Puertos HDMI', '1', 54),
(197, 'Color', 'Negro', 54),
(198, 'Impresión', 'Laser', 55),
(199, 'Capacidad de salida estándar', '400 hojas', 55),
(200, 'Impresión', 'Color', 55),
(201, 'Escaneado', 'Color', 55),
(202, 'Copiado', 'Color', 55),
(203, 'Wifi', 'Si', 55),
(204, 'Impresión', 'Laser', 56),
(205, 'Capacidad de salida estándar', '150 hojas', 56),
(206, 'Impresión', 'Color', 56),
(207, 'Escaneado', 'Color', 56),
(208, 'Copiado', 'Color', 56),
(209, 'Wifi', 'Si', 56),
(210, 'Impresión', 'inyección de tinta', 57),
(211, 'Capacidad de salida estándar', '100 hojas', 57),
(212, 'Interfaz', ' USB 3.0', 57),
(213, 'Wifi', 'No', 57),
(214, 'Impresión', 'inyección de tinta', 58),
(215, 'Capacidad de salida estándar', '60 hojas', 58),
(216, 'Impresión', 'Color', 58),
(217, 'Escaneado', 'Color', 58),
(218, 'Copiado', 'Color', 58),
(219, 'Wifi', 'Si', 58),
(220, 'Speaker Type', 'Portable', 59),
(221, 'Color', 'Azul', 59),
(222, 'Fuente de energía', 'Batería', 59),
(223, 'Speaker Type', '3D, Rear sorround', 60),
(224, 'Color', 'Negro', 60),
(225, 'Control Method', 'Remoto', 60),
(226, 'Speaker Type', 'Surround', 61),
(227, 'Color', 'Negro', 61),
(228, 'Potencia de salida', '400 Watts', 61),
(229, 'Salida de audio', '2.1 canales', 62),
(230, 'Potencia estimada RMS', '40 W', 62),
(231, 'Conectividad', 'Inalámbrico', 62),
(232, 'Proyección', 'DLP', 63),
(233, 'Resolución', 'WXGA (1280x800)', 63),
(234, 'Brillo', '3000 lúmenes ANSI', 63),
(235, 'Puertos HDMI', '1', 63),
(236, 'Wifi', 'Si', 63),
(237, 'Color', 'Gris, Color blanco', 63),
(238, 'Proyección', 'DLP', 64),
(239, 'Resolución', 'XGA (1024x768)', 64),
(240, 'Brillo', '4000 lúmenes ANSI', 64),
(241, 'Puertos HDMI', '2', 64),
(242, 'Wifi', 'No', 64),
(243, 'Color', 'Blanco', 64),
(244, 'Proyección', 'DLP', 65),
(245, 'Resolución', 'SVGA (800x600)', 65),
(246, 'Brillo', '3500 lúmenes ANSI', 65),
(247, 'Puertos HDMI', '1', 65),
(248, 'Wifi', 'No', 65),
(249, 'Color', 'Blanco', 65),
(250, 'Interno', 'No', 66),
(251, 'Interfaz', 'USB 2.0', 66),
(252, 'BD-R velocidad de escritura', '6x', 66),
(253, 'BD-RE velocidad de escritura', '2x', 66),
(254, 'DVD+R velociad de escritura', '8x', 66),
(255, 'CD-RW velocidad de escritura', '16x', 66),
(256, 'Procesador', 'Intel Core i5-9400', 67),
(257, 'T. Madre', 'Gigabyte GA-H310M-H DDR4-SDRAM', 67),
(258, 'Disco Duro', '500Gb', 67),
(259, 'SSD', '240gb ', 67),
(260, 'Ram', '8Gb DDR4, 2133 MHz, 288-pin DIMM', 67),
(261, 'Teclado/Mouse', 'TRUE BASIX TB-01006', 67),
(262, 'Gabinete', 'Acteck Bern TD510', 67),
(263, 'Monitor', '19.5 pulgadas', 67),
(264, 'Software', 'Windows 10 de PRUEBA', 67),
(265, 'Procesador', 'Intel® Dual Core Celeron J3060', 68),
(266, 'T. Madre', 'ECS BSWI-D2-J3060', 68),
(267, 'Disco Duro', 'Estado Sólido: Kingston 480 GB.', 68),
(268, 'Kit', 'Teclado, Mouse y Bocinas, USB.', 68),
(269, 'Ram', '8 GB', 68),
(270, 'Wifi', 'USB TP-LINK 300 MB/S', 68),
(271, 'Gabinete', 'GETTTECH GG1803, 500 W.', 68),
(272, 'Monitor', 'Led 19.5, VGA/HDMI', 68),
(273, 'Software', 'Windows 10 Home 64 Bits con Antivirus y Office 2019 Profesional', 68),
(274, 'Procesador', 'AMD FX', 69),
(275, 'T. Madre', 'DDR4-SDRAM', 69),
(276, 'Disco Duro', '500 GB', 69),
(277, 'Gabinete', 'GETTTECH GG1803, 500 W.', 69),
(278, 'Monitor', 'Led 19.5, VGA/HDMI', 69),
(279, 'Software', 'Windows 10 Home 64 Bits con Antivirus y Office 2019 Profesional', 69),
(280, 'Procesador', 'Intel Core i3', 70),
(281, 'Disco Duro', '320 GB', 70),
(282, 'Kit', 'Monitor Lcd 17 cuadrado, cables AC Y VGA, TECLADO Y RATON', 70),
(283, 'Ram', '4 GB', 70),
(284, 'Monitor', 'Lcd 17 cuadrado', 70),
(285, 'Software', 'Windows 10 Paquetería Microsoft Office 2019', 70),
(286, 'Procesador', 'Intel® Pentium® Silver J5005', 71),
(287, 'Disco Duro', '500 GB', 71),
(288, 'Kit', 'Monitor Lcd 17 cuadrado, cables AC Y VGA, TECLADO Y RATON', 71),
(289, 'Ram', 'DDR4 de 8 GB y 2400MHz', 71),
(290, 'Monitor', '19,5 WXGA+ (1440 x 900), 250 nits, 16:10', 71),
(291, 'Software', 'Windows 10 Pro Paquetería Microsoft Office 2019', 71),
(292, 'Procesador', 'AMD A4 9125 (hasta 2.6 GHMemoria de 4GB DDR4', 72),
(293, 'Disco Duro', '1TB', 72),
(294, 'Kit', 'Monitor Lcd 17 cuadrado, cables AC Y VGA, TECLADO Y RATON', 72),
(295, 'Ram', '4GB', 72),
(296, 'Monitor', '19.5 LED, Video Radeon R2Unidad Óptica DVD-ROM', 72),
(297, 'Software', 'Windows 10 Home (64 Bits) Paquetería Microsoft Office 2019', 72),
(298, 'Procesador', 'AMD A4 9125 (hasta 2.6 GHMemoria de 4GB DDR4', 73),
(299, 'Disco Duro', '1TB', 73),
(300, 'Kit', 'Monitor Lcd 17 cuadrado, cables AC Y VGA, TECLADO Y RATON', 73),
(301, 'Ram', '4GB', 73),
(302, 'Monitor', '19.5 pulgadas', 73),
(303, 'Software', 'Windows 10 Home Paquetería Microsoft Office 2019', 73),
(304, 'Procesador', 'AMD A4 9125 (hasta 2.6 GHMemoria de 4GB DDR4', 74),
(305, 'Disco Duro', '120gb ', 74),
(306, 'Kit', 'Monitor Lcd 17 cuadrado, cables AC Y VGA, TECLADO Y RATON', 74),
(307, 'Ram', '4GB', 74),
(308, 'Monitor', '15.6 pulgadas', 74),
(309, 'Software', 'Windows 10 Home Paquetería Microsoft Office 2019', 74),
(311, 'Procesador', 'Intel Celeron', 75),
(312, 'Disco Duro', '500 gb', 75),
(313, 'Kit', 'Monitor Lcd 17 cuadrado, cables AC Y VGA, TECLADO Y RATON', 75),
(314, 'Ram', '4GB', 75),
(315, 'Monitor', '15.6 pulgadas 366 X 768, VGA', 75),
(316, 'Software', 'Windows 10 Home 64 Bits Paquetería Microsoft Office 2019', 75),
(317, 'Procesador', 'intel j3060 (dual core 2.0 GHz up to 2.48GHz)', 76),
(318, 'Disco Duro', '1 TB', 76),
(319, 'Kit', 'Monitor Lcd 17 cuadrado, cables AC Y VGA, TECLADO Y RATON', 76),
(320, 'Ram', '8GB', 76),
(321, 'Monitor', 'Qian 19.5 LED HD 1600 X 900 VGA/HDMI.', 76),
(322, 'Software', 'Windows 10 (Prueba de 30 Días, no incluye Licencia) Paquetería Microsoft Office 2019', 76),
(323, 'Procesador', 'Intel® Core™ i7-9xxx)', 78),
(324, 'Diagonal de la pantalla', '17.3pulg', 78),
(325, 'Memoria interna', '16 GB, DDR4-SDRAM', 78),
(326, 'Capacidad almacenaje', '1256 GB', 78),
(327, 'Software', 'Windows 10 home Paquetería Microsoft Office 2019', 78),
(328, 'Procesador', 'Intel® Core™ i7-8xxx)', 79),
(329, 'Diagonal de la pantalla', '17.3pulg', 79),
(330, 'Memoria interna', '16 GB, DDR4-SDRAM', 79),
(331, 'Capacidad almacenaje', '1256  GB', 79),
(332, 'Software', 'Windows 10 home Paquetería Microsoft Office 2019', 79),
(333, 'Procesador', 'AMD Ryzen 7', 80),
(334, 'Diagonal de la pantalla', '15.6pulg', 80),
(335, 'Memoria interna', '8 GB, DDR4-SDRAM', 80),
(336, 'Capacidad almacenaje', '512 GB', 80),
(337, 'Software', 'Windows 10 home Paquetería Microsoft Office 2019', 80),
(338, 'Diagonal de la pantalla', '17.3pulg', 81),
(339, 'Memoria interna', '32  GB, DDR4-SDRAM', 81),
(340, 'Capacidad almacenaje', '512 GB', 81),
(341, 'Software', 'Windows 10 Pro Paquetería Microsoft Office 2019', 81),
(342, 'Procesador', ' Intel Core i3 de doble núcleo', 82),
(343, 'Diagonal de la pantalla', '17.3pulg', 82),
(344, 'Memoria interna', '38 GB, LPDDR4X de 3733 MHz', 82),
(345, 'Capacidad almacenaje', '256 GB', 82),
(346, 'Procesador', 'AMD Ryzen 5', 83),
(347, 'Diagonal de la pantalla', '15.6pulg', 83),
(348, 'Memoria interna', '8 GB, DDR4-SDRAM', 83),
(349, 'Capacidad almacenaje', '1000 GB', 83),
(350, 'Software', 'Windows 10 Home Paquetería Microsoft Office 2019', 83),
(351, 'Procesador', 'AMD Ryzen 5', 84),
(352, 'Diagonal de la pantalla', '13.3pulg', 84),
(353, 'Memoria interna', '4 GB, DDR4-SDRAM', 84),
(354, 'Capacidad almacenaje', '128 GB', 84),
(355, 'Software', 'Windows 10 Home Paquetería Microsoft Office 2019', 84),
(356, 'Procesador', 'AMD Ryzen 5', 84),
(357, 'Diagonal de la pantalla', '13.3pulg', 84),
(358, 'Memoria interna', '4 GB, DDR4-SDRAM', 84),
(359, 'Capacidad almacenaje', '128 GB', 84),
(360, 'Software', 'Windows 10 Home Paquetería Microsoft Office 2019', 84),
(361, 'Procesador', 'Intel® Core™ i5-8xxx', 85),
(362, 'Diagonal de la pantalla', '14pulg', 85),
(363, 'Memoria interna', '4 GB, DDR4-SDRAM', 85),
(364, 'Capacidad almacenaje', '1000 GB', 85),
(365, 'Software', 'Windows 10 Pro Paquetería Microsoft Office 2019', 85),
(366, 'Procesador', 'AMD A4', 86),
(367, 'Diagonal de la pantalla', '14pulg', 86),
(368, 'Memoria interna', '4 GB, DDR4-SDRAM', 86),
(369, 'Capacidad almacenaje', '500 GB', 86),
(370, 'Software', 'Windows 10 Home Paquetería Microsoft Office 2019', 86),
(371, 'Procesador', 'AMD A6', 87),
(372, 'Diagonal de la pantalla', '14pulg', 87),
(373, 'Memoria interna', '4 GB', 87),
(374, 'Capacidad almacenaje', '64 GB', 87),
(375, 'Software', 'Windows 10 Home Paquetería Microsoft Office 2019', 87),
(376, 'Procesador', 'Intel Celeron', 88),
(377, 'Diagonal de la pantalla', '14pulg', 88),
(378, 'Memoria interna', '4 GB', 88),
(379, 'Capacidad almacenaje', '500 GB', 88),
(380, 'Software', 'Windows 10 Home Paquetería Microsoft Office 2019', 88),
(381, 'Procesador', 'Intel Celeron', 89),
(382, 'Diagonal de la pantalla', '14pulg', 89),
(383, 'Memoria interna', '4 GB', 89),
(384, 'Capacidad almacenaje', '500 GB', 89),
(385, 'Software', 'Windows 10 Home Paquetería Microsoft Office 2019', 89),
(386, 'Procesador', 'Intel Celeron', 90),
(387, 'Diagonal de la pantalla', '14pulg', 90),
(388, 'Memoria interna', '4 GB', 90),
(389, 'Capacidad almacenaje', '500 GB', 90),
(390, 'Software', 'Windows 10 Home Paquetería Microsoft Office 2019', 90),
(391, 'Procesador', '7th Generation AMD A9-Series APUs', 91),
(392, 'Diagonal de la pantalla', '15.6pulg', 91),
(393, 'Memoria interna', '8 GB', 91),
(394, 'Capacidad almacenaje', '1000 GB', 91),
(395, 'Software', 'Windows 10 Home Paquetería Microsoft Office 2019', 91),
(396, 'Diagonal de la pantalla', '15.6pulg', 92),
(397, 'Memoria interna', '4 GB, LPDDR4-SDRAM', 92),
(398, 'Capacidad almacenaje', '500 GB', 92),
(399, 'Software', 'Windows 10 Home Paquetería Microsoft Office 2019', 92),
(400, 'Procesador', 'Intel Pentium', 93),
(401, 'Diagonal de la pantalla', '13.3pulg', 93),
(402, 'Memoria interna', '4 GB', 93),
(403, 'Capacidad almacenaje', '32 GB', 93),
(404, 'Software', 'Windows 10 Home Paquetería Microsoft Office 2019', 93),
(405, 'Procesador', 'Intel Pentium', 94),
(406, 'Diagonal de la pantalla', '13.3pulg', 94),
(407, 'Memoria interna', '4 GB,DDR3-SDRAM', 94),
(408, 'Capacidad almacenaje', '32 GB', 94),
(409, 'Software', 'Windows 10 Home Paquetería Microsoft Office 2019', 94),
(410, 'Procesador', 'Intel Pentium', 95),
(411, 'Diagonal de la pantalla', '14.1pulg', 95),
(412, 'Memoria interna', '4 GB,DDR3-SDRAM', 95),
(413, 'Capacidad almacenaje', '500 GB', 95),
(414, 'Software', 'Windows 10 Home Paquetería Microsoft Office 2019', 95),
(415, 'Procesador', 'Intel Pentium', 96),
(416, 'Diagonal de la pantalla', '14pulg', 96),
(417, 'Memoria interna', '4 GB,DDR3-SDRAM', 96),
(418, 'Capacidad almacenaje', '32 GB', 96),
(419, 'Software', 'Windows 10 Home Paquetería Microsoft Office 2019', 96),
(420, 'Procesador', 'Intel Pentium', 97),
(421, 'Diagonal de la pantalla', '14pulg', 97),
(422, 'Memoria interna', '4 GB,DDR3-SDRAM', 97),
(423, 'Capacidad almacenaje', '500 GB', 97),
(424, 'Software', 'Windows 10 Home Paquetería Microsoft Office 2019', 97),
(425, 'Procesador', 'Intel Pentium', 98),
(426, 'Diagonal de la pantalla', '14pulg', 98),
(427, 'Memoria interna', '4 GB,DDR3-SDRAM', 98),
(428, 'Capacidad almacenaje', '500 GB', 98),
(429, 'Software', 'Windows 10 Home Paquetería Microsoft Office 2019', 98),
(430, 'Procesador', 'Intel Pentium', 99),
(431, 'Diagonal de la pantalla', '14pulg', 99),
(432, 'Memoria interna', '4 GB,DDR3-SDRAM', 99),
(433, 'Capacidad almacenaje', '32 GB', 99),
(434, 'Software', 'Windows 10 Home Paquetería Microsoft Office 2019', 99),
(435, 'Procesador', 'Celeron N4000', 100),
(436, 'Diagonal de la pantalla', '15.60 Pulgadas', 100),
(437, 'Memoria interna', '32 GB,', 100),
(438, 'Capacidad almacenaje', '32 GB', 100),
(439, 'Software', 'Windows 10 Home Paquetería Microsoft Office 2019', 100);
select * from atributoProducto;


INSERT INTO `pcstudiodb`.`tag` (`tag`, `descripcion`)
VALUES ('Experto', 'Entretenimiento, edicion de video, programas de desarrollo');
INSERT INTO `pcstudiodb`.`tag` (`tag`, `descripcion`)
VALUES ('Avanzado', 'Especialmente para las personas que esten en el area de ciencia');
INSERT INTO `pcstudiodb`.`tag` (`tag`, `descripcion`)
VALUES ('Principiante', 'Para personas que solo estan familiarizados con la suit de office');
INSERT INTO `pcstudiodb`.`tag` (`tag`, `descripcion`)
VALUES ('Elemental', 'Para personas que no tienen idea de para que sirve una computadora');

INSERT INTO rol(rol) VALUE ('CLIENTE');
INSERT INTO rol(rol) VALUE ('EMPLEADO');
INSERT INTO rol(rol) VALUE ('ADMIN');

INSERT INTO `proveedor` (`idProveedor`, `nombre`, `descripcion`, `estatus`, `updated_at`, `created_at`) VALUES
(1, 'Techmicro', 'es un proveedor de gabinetes, monitores, scaners (entre otros) en Xalapa, México. Te invitamos a ver todos nuestros productos en la sección de \"Productos de nuestro showroom y a contactarnos.', 1, NULL, NULL),
(2, 'ISC HARDWARE', 'TENEMOS A SU DISPOSICIÒN: LIMPIEZA, MANTENIMIENTO, SOFTWARE, REPARACION DE EQUIUPO DE COMPUTO, ENSAMBLES DE COMPUTADORAS', 1, NULL, NULL),
(3, 'AcMax de México, S.A. de C.V.', 'empresa Mexicana que brinda soluciones en servicios de calibración, sistemas de entrenamiento educativo equipo de medición y prueba Electrónica.', 1, NULL, NULL),
(4, 'Agencia de Comercio y Servicios PANAMEX', 'nacionalidad mexicana.  Nuestros orígenes están dados por la conformación de personal de alta calificación, provenientes de diferentes empresas y corporaciones mexicanas', 1, NULL, NULL),
(5, 'ALMALA PC', 'Contamos con mas de 15,000 productos en inventario con las mejores marcas del mercado, los cuales podrás encontrar registrándote en nuestra tienda virtual.', 1, NULL, NULL),
(6, 'Mac Toner Audio y Video SA de CV', 'Distribuimos una gran variedad de productos de más de 150 marcas reconocidas. Proveedores de Equipo de Computo, Impresion, Equipos de Audio y Video', 1, NULL, NULL),
(7, 'Datamicro de México', 'Encuentre computadoras escritorio, netbooks, Laptops, Tablets, impresoras, soluciones en computo, alta tecnología, precisión', 1, NULL, NULL);


INSERT INTO `categoria` (`idCategoria`, `nombre`, `descripcion`, `created_at`, `updated_at`) VALUES
(1, 'Placa madre', 'Es la placa principal de cualquier sistema informático al que todos los demás dispositivos se conectan, tanto de manera directa como indirecta', '2020-08-01 05:00:00', '2020-08-01 05:00:00'),
(2, 'Procesador', 'Es la Unidad Central de Procesamiento (CPU), es decir, el cerebro de la computadora que controla todo lo que ejecuta el ordenador y es responsable de realizar los cálculos y la comprensión de datos.', '2020-08-01 05:00:00', '2020-08-01 05:00:00'),
(3, 'Memoria interna RAM', 'Es la memoria que almacena información, de manera temporal y rápida, para que la computadora la utilice en el momento.', '2020-08-01 05:00:00', '2020-08-01 05:00:00'),
(5, 'Tarjeta de video', 'También conocida como “tarjeta gráfica” es un dispositivo de hardware interno que se conecta a la placa madre y permite que la computadora muestre imágenes en el monitor.', '2020-08-01 05:00:00', '2020-08-01 05:00:00'),
(6, 'Tarjeta de sonido', 'Es un dispositivo de hardware interno que se conecta a la placa madre y se clasifica según los canales que utiliza, por ejemplo, estéreo, cuadrafónico (sonido envolvente), MIDI (conector de uso profesional), entre otros.', '2020-08-01 05:00:00', '2020-08-01 05:00:00'),
(7, 'Disco duro', 'Es la memoria que almacena datos de manera permanente (o hasta que el usuario los elimine), como documentos, planillas, imágenes, videos, audios, copias de seguridad de los archivos, entre otros.', '2020-08-01 05:00:00', '2020-08-01 05:00:00'),
(8, 'Teclados', 'Dispositivos periféricos que permiten ingresar texto al sistema, a través de un tablero de botones que asigna determinados valores a cada uno de ellos, conforme a un lenguaje específico Se trata del dispositivo de entrada por excelencia.', '2020-08-01 05:00:00', '2020-08-01 05:00:00'),
(9, 'Punteros o ratones', 'Inventados para ingresar información a sistemas de representación gráfica o visual, traducen los movimientos que el usuario realiza con el dispositivo a instrucciones concretas en el sistema, permitiéndole diversas operaciones, desde pintar, desplazarse en entornos virtuales, etc.', '2020-08-01 05:00:00', '2020-08-01 05:00:00'),
(10, 'Micrófonos', 'Capturan el sonido (ondas sonoras en el aire) y lo traducen a impulsos eléctricos que luego pueden ser codificados y almacenados, o transmitidos y reproducidos para recuperar el mensaje hablado, música, etc.', '2020-08-01 05:00:00', '2020-08-01 05:00:00'),
(11, 'Cámaras', 'De manera similar, capturan la imagen empleando un sistema de lentes y componentes fotosensibles, para almacenar digitalmente la imagen y el movimiento reales y poderlos transmitir o reproducir posteriormente, o de inmediato pero a través de enormes distancias, como en las videoconferencias.', '2020-08-01 05:00:00', '2020-08-01 05:00:00'),
(12, 'Escáneres', 'Se trata de aparatos similares a las fotocopiadoras, capaces de “leer” la imagen dispuesta en su bandeja para transmitir una copia digital de la misma al sistema informático.', '2020-08-01 05:00:00', '2020-08-01 05:00:00'),
(13, 'Joysticks', 'Alimentan a un sistema informático con los comandos que el usuario desea transmitir al videojuego, permitiéndole controlar lo que ocurre o interactuar con el sistema.', '2020-08-01 05:00:00', '2020-08-01 05:00:00'),
(14, 'Monitores', 'El dispositivo de salida estándar, que convierte las señales digitales del sistema en información visual, representada gráficamente, de manera que los usuarios del sistema puedan percibirla.', '2020-08-01 05:00:00', '2020-08-01 05:00:00'),
(15, 'Impresoras', 'Por lo general las impresoras emplean papel y diversos sistemas de inyección de tinta o de láser.', '2020-08-01 05:00:00', '2020-08-01 05:00:00'),
(16, 'Parlantes', 'Los parlantes extraen la información del sistema, pero traduciéndola a señales sonoras que los usuarios pueden escuchar', '2020-08-01 05:00:00', '2020-08-01 05:00:00'),
(17, 'Videobeams y proyectores', 'Se trata de aparatos que reciben información del sistema computarizado y la representan gráficamente, muy parecido a como lo hacen los monitores, pero en lugar de emitir en una pantalla, proyectan esa información como haces de luz, del mismo modo que un proyector de cine o de diapositivas.', '2020-08-01 05:00:00', '2020-08-01 05:00:00'),
(18, 'Copiadoras de CD o DVD.', 'Estos formatos de disco, tanto el Disco Compacto (CD) como el Disco de Video Digital (DVD), permiten trasladar información de un sistema a otro', '2020-08-01 05:00:00', '2020-08-01 05:00:00'),
(19, 'Computadoras de escritorio', 'Su nombre proviene del inglés personal computer (PC), también llamada “de escritorio”. Es de uso común en el hogar o la oficina.', '2020-08-01 05:00:00', '2020-08-01 05:00:00'),
(20, 'Laptops', 'También llamada notebook, es una máquina más pequeña y liviana que la PC, pensada para transportarla de manera sencilla. Es de uso personal o laboral.', '2020-08-01 05:00:00', '2020-08-01 05:00:00');

